Ссылка на авто;Название авто;Год выпуска;Пробег;Кузов;Цвет;Двигатель;Коробка;Привод;Состояние;Цена в российских рублях;Цена в белорусских рублях;Цена в долларах
https://auto.ru/cars/used/sale/mercedes/gle_klasse_coupe_amg/1116990555-a02c35c1/;Mercedes-Benz GLE Coupe AMG 63 AMG I (C292);2017;63 000 км;внедорожник 5 дв.;чёрный;5.5 л / 558 л.с. / Бензин;автоматическая;полный;Не требует ремонта;6,270,000;257,178;100,625
https://auto.ru/cars/used/sale/mercedes/gle_klasse_coupe_amg/1114810352-4d4de8b2/;Mercedes-Benz GLE Coupe AMG 63 AMG S I (C292);2015;25 000 км;внедорожник 5 дв.;чёрный;5.5 л / 585 л.с. / Бензин;автоматическая;полный;Не требует ремонта;6,300,000;258,408;101,107
https://auto.ru/cars/used/sale/mercedes/gle_klasse_coupe_amg/1115669572-027e4732/;Mercedes-Benz GLE Coupe AMG 43 AMG I (C292);2016;81 000 км;внедорожник 5 дв.;синий;3.0 л / 367 л.с. / Бензин;автоматическая;полный;Не требует ремонта;6,380,000;261,689;102,391
https://auto.ru/cars/used/sale/mercedes/gle_klasse_coupe_amg/1116055720-6c6a4a99/;Mercedes-Benz GLE Coupe AMG 43 AMG I (C292);2016;53 000 км;внедорожник 5 дв.;чёрный;3.0 л / 367 л.с. / Бензин;автоматическая;полный;Не требует ремонта;6,430,000;263,740;103,193
https://auto.ru/cars/used/sale/mercedes/gle_klasse_coupe_amg/1115394241-0524ce3c/;Mercedes-Benz GLE Coupe AMG 43 AMG I (C292);2018;33 000 км;внедорожник 5 дв.;чёрный;3.0 л / 390 л.с. / Бензин;автоматическая;полный;Не требует ремонта;6,440,000;264,150;103,354
https://auto.ru/cars/used/sale/mercedes/gle_klasse_coupe_amg/1116939200-60470d6b/;Mercedes-Benz GLE Coupe AMG 63 AMG S I (C292);2016;38 000 км;внедорожник 5 дв.;белый;5.5 л / 585 л.с. / Бензин;автоматическая;полный;Не требует ремонта;6,470,000;265,381;103,835
https://auto.ru/cars/used/sale/mercedes/gle_klasse_coupe_amg/1116956694-04e44d95/;Mercedes-Benz GLE Coupe AMG 43 AMG I (C292);2019;17 000 км;внедорожник 5 дв.;белый;3.0 л / 390 л.с. / Бензин;автоматическая;полный;Не требует ремонта;6,480,000;265,791;103,996
https://auto.ru/cars/used/sale/mercedes/gle_klasse_coupe_amg/1105422513-b38b5ac7/;Mercedes-Benz GLE Coupe AMG 43 AMG I (C292);2017;62 000 км;внедорожник 5 дв.;чёрный;3.0 л / 367 л.с. / Бензин;автоматическая;полный;Не требует ремонта;6,490,000;266,201;104,156
https://auto.ru/cars/used/sale/mercedes/gle_klasse_coupe_amg/1096902960-55dde7e1/;Mercedes-Benz GLE Coupe AMG 63 AMG I (C292);2017;51 000 км;внедорожник 5 дв.;белый;5.5 л / 558 л.с. / Бензин;автоматическая;полный;Не требует ремонта;6,500,000;266,611;104,317
https://auto.ru/cars/used/sale/mercedes/gle_klasse_coupe_amg/1116914116-aac7e71f/;Mercedes-Benz GLE Coupe AMG 43 AMG I (C292);2017;167 000 км;внедорожник 5 дв.;белый;3.0 л / 367 л.с. / Бензин;автоматическая;полный;Не требует ремонта;6,550,000;268,662;105,119
https://auto.ru/cars/used/sale/mercedes/gle_klasse_coupe_amg/1114939007-6aaac37e/;Mercedes-Benz GLE Coupe AMG 63 AMG S I (C292);2018;107 000 км;внедорожник 5 дв.;чёрный;5.5 л / 585 л.с. / Бензин;автоматическая;полный;Не требует ремонта;6,560,000;269,073;105,280
https://auto.ru/cars/used/sale/mercedes/gle_klasse_coupe_amg/1102856798-66ef222d/;Mercedes-Benz GLE Coupe AMG 63 AMG S I (C292);2016;41 000 км;внедорожник 5 дв.;чёрный;5.5 л / 585 л.с. / Бензин;автоматическая;полный;Не требует ремонта;6,570,000;269,483;105,440
https://auto.ru/cars/used/sale/mercedes/gle_klasse_coupe_amg/1116602765-cda5d585/;Mercedes-Benz GLE Coupe AMG 63 AMG S I (C292);2016;51 000 км;внедорожник 5 дв.;белый;5.5 л / 585 л.с. / Бензин;автоматическая;полный;Не требует ремонта;6,620,000;271,534;106,242
https://auto.ru/cars/used/sale/mercedes/gle_klasse_coupe_amg/1116450018-98fd29ab/;Mercedes-Benz GLE Coupe AMG 63 AMG S I (C292);2015;113 000 км;внедорожник 5 дв.;белый;5.5 л / 585 л.с. / Бензин;автоматическая;полный;Не требует ремонта;6,620,000;271,534;106,242
https://auto.ru/cars/used/sale/mercedes/gle_klasse_coupe_amg/1115965062-b64eae55/;Mercedes-Benz GLE Coupe AMG 43 AMG I (C292);2018;50 000 км;внедорожник 5 дв.;белый;3.0 л / 390 л.с. / Бензин;автоматическая;полный;Не требует ремонта;6,640,000;272,354;106,563
https://auto.ru/cars/used/sale/mercedes/gle_klasse_coupe_amg/1116468017-85b022b8/;Mercedes-Benz GLE Coupe AMG 43 AMG I (C292);2018;60 000 км;внедорожник 5 дв.;белый;3.0 л / 390 л.с. / Бензин;автоматическая;полный;Не требует ремонта;6,670,000;273,584;107,045
https://auto.ru/cars/used/sale/mercedes/gle_klasse_coupe_amg/1103353494-232598fe/;Mercedes-Benz GLE Coupe AMG 63 AMG I (C292);2018;96 000 км;внедорожник 5 дв.;серый;5.5 л / 558 л.с. / Бензин;автоматическая;полный;Не требует ремонта;6,720,000;275,635;107,847
https://auto.ru/cars/used/sale/mercedes/gle_klasse_coupe_amg/1115637625-23df0b78/;Mercedes-Benz GLE Coupe AMG 63 AMG I (C292);2017;48 000 км;внедорожник 5 дв.;чёрный;5.5 л / 558 л.с. / Бензин;автоматическая;полный;Не требует ремонта;6,740,000;276,456;108,168
https://auto.ru/cars/used/sale/mercedes/gle_klasse_coupe_amg/1116319759-a20965f9/;Mercedes-Benz GLE Coupe AMG 63 AMG I (C292);2015;42 000 км;внедорожник 5 дв.;серый;5.5 л / 558 л.с. / Бензин;автоматическая;полный;Не требует ремонта;6,800,000;278,917;109,131
https://auto.ru/cars/used/sale/mercedes/gle_klasse_coupe_amg/1116800934-c2ea6669/;Mercedes-Benz GLE Coupe AMG 63 AMG I (C292);2018;50 000 км;внедорожник 5 дв.;белый;5.5 л / 558 л.с. / Бензин;автоматическая;полный;Не требует ремонта;6,930,000;284,249;111,218
https://auto.ru/cars/used/sale/mercedes/gle_klasse_coupe_amg/1105417779-c59e2023/;Mercedes-Benz GLE Coupe AMG 63 AMG S I (C292);2018;58 000 км;внедорожник 5 дв.;серый;5.5 л / 585 л.с. / Бензин;автоматическая;полный;Не требует ремонта;7,020,000;287,940;112,662
https://auto.ru/cars/used/sale/mercedes/gle_klasse_coupe_amg/1115650031-cb7ead51/;Mercedes-Benz GLE Coupe AMG 43 AMG I (C292);2017;39 000 км;внедорожник 5 дв.;синий;3.0 л / 390 л.с. / Бензин;автоматическая;полный;Не требует ремонта;7,030,000;288,351;112,822
https://auto.ru/cars/used/sale/mercedes/gle_klasse_coupe_amg/1116891844-312fc022/;Mercedes-Benz GLE Coupe AMG 63 AMG I (C292);2018;112 000 км;внедорожник 5 дв.;чёрный;5.5 л / 558 л.с. / Бензин;автоматическая;полный;Не требует ремонта;7,140,000;292,863;114,588
https://auto.ru/cars/used/sale/mercedes/gle_klasse_coupe_amg/1116518980-ebadac7c/;Mercedes-Benz GLE Coupe AMG 43 AMG I (C292);2018;18 000 км;внедорожник 5 дв.;белый;3.0 л / 390 л.с. / Бензин;автоматическая;полный;Не требует ремонта;7,150,000;293,273;114,748
https://auto.ru/cars/used/sale/mercedes/gle_klasse_coupe_amg/1116586287-d829af97/;Mercedes-Benz GLE Coupe AMG 43 AMG I (C292);2019;29 000 км;внедорожник 5 дв.;чёрный;3.0 л / 390 л.с. / Бензин;автоматическая;полный;Не требует ремонта;7,210,000;295,734;115,711
https://auto.ru/cars/used/sale/mercedes/gle_klasse_coupe_amg/1116523047-1463b9b2/;Mercedes-Benz GLE Coupe AMG 63 AMG S I (C292);2017;55 000 км;внедорожник 5 дв.;чёрный;5.5 л / 585 л.с. / Бензин;автоматическая;полный;Не требует ремонта;7,250,000;297,374;116,353
https://auto.ru/cars/used/sale/mercedes/gle_klasse_coupe_amg/1115786075-2183be85/;Mercedes-Benz GLE Coupe AMG 63 AMG S I (C292);2018;83 000 км;внедорожник 5 дв.;синий;5.5 л / 585 л.с. / Бензин;автоматическая;полный;Не требует ремонта;7,500,000;307,629;120,365
https://auto.ru/cars/used/sale/mercedes/gle_klasse_coupe_amg/1115951614-0757fc88/;Mercedes-Benz GLE Coupe AMG 63 AMG S I (C292);2018;42 000 км;внедорожник 5 дв.;синий;5.5 л / 585 л.с. / Бензин;автоматическая;полный;Не требует ремонта;7,540,000;309,269;121,007
https://auto.ru/cars/used/sale/mercedes/gle_klasse_coupe_amg/1116303139-c6e616f0/;Mercedes-Benz GLE Coupe AMG 63 AMG S I (C292);2018;27 000 км;внедорожник 5 дв.;чёрный;5.5 л / 585 л.с. / Бензин;автоматическая;полный;Не требует ремонта;7,570,000;310,500;121,489
https://auto.ru/cars/used/sale/mercedes/gle_klasse_coupe_amg/1102945208-c0a9c3b5/;Mercedes-Benz GLE Coupe AMG 43 AMG I (C292);2019;31 000 км;внедорожник 5 дв.;белый;3.0 л / 390 л.с. / Бензин;автоматическая;полный;Не требует ремонта;7,630,000;312,961;122,452
https://auto.ru/cars/used/sale/mercedes/gle_klasse_coupe_amg/1116116630-e3399436/;Mercedes-Benz GLE Coupe AMG 43 AMG I (C292);2017;52 000 км;внедорожник 5 дв.;серый;3.0 л / 367 л.с. / Бензин;автоматическая;полный;Не требует ремонта;7,700,000;315,832;123,575
https://auto.ru/cars/used/sale/mercedes/gle_klasse_coupe_amg/1115633515-1f9f9f59/;Mercedes-Benz GLE Coupe AMG 43 AMG I (C292);2017;25 000 км;внедорожник 5 дв.;чёрный;3.0 л / 390 л.с. / Бензин;автоматическая;полный;Не требует ремонта;7,770,000;318,703;124,699
https://auto.ru/cars/used/sale/mercedes/gle_klasse_coupe_amg/1116060495-5a2b2e9c/;Mercedes-Benz GLE Coupe AMG 63 AMG I (C292);2019;88 000 км;внедорожник 5 дв.;серый;5.5 л / 558 л.с. / Бензин;автоматическая;полный;Не требует ремонта;7,780,000;319,114;124,859
https://auto.ru/cars/used/sale/mercedes/gle_klasse_coupe_amg/1100424488-1c17aecc/;Mercedes-Benz GLE Coupe AMG 63 AMG S I (C292);2018;60 000 км;внедорожник 5 дв.;белый;5.5 л / 585 л.с. / Бензин;автоматическая;полный;Не требует ремонта;7,910,000;324,446;126,945
https://auto.ru/cars/used/sale/mercedes/gle_klasse_coupe_amg/1115298664-1a1efb48/;Mercedes-Benz GLE Coupe AMG 63 AMG I (C292);2018;38 000 км;внедорожник 5 дв.;белый;5.5 л / 558 л.с. / Бензин;автоматическая;полный;Не требует ремонта;7,960,000;326,497;127,748
https://auto.ru/cars/used/sale/mercedes/gle_klasse_coupe_amg/1116635362-e133feb5/;Mercedes-Benz GLE Coupe AMG 63 AMG S I (C292);2019;41 000 км;внедорожник 5 дв.;чёрный;5.5 л / 585 л.с. / Бензин;автоматическая;полный;Не требует ремонта;7,980,000;327,317;128,069
https://auto.ru/cars/used/sale/mercedes/gle_klasse_coupe_amg/1116811044-818d38db/;Mercedes-Benz GLE Coupe AMG 63 AMG S I (C292);2017;20 000 км;внедорожник 5 дв.;чёрный;5.5 л / 585 л.с. / Бензин;автоматическая;полный;Не требует ремонта;7,980,000;327,317;128,069
https://auto.ru/cars/used/sale/mercedes/gle_klasse_coupe_amg/1115628927-3e7ed085/;Mercedes-Benz GLE Coupe AMG 63 AMG S I (C292);2018;23 000 км;внедорожник 5 дв.;белый;5.5 л / 585 л.с. / Бензин;автоматическая;полный;Не требует ремонта;8,020,000;328,958;128,711
https://auto.ru/cars/used/sale/mercedes/gle_klasse_coupe_amg/1116526567-7506ab8f/;Mercedes-Benz GLE Coupe AMG 63 AMG S I (C292);2019;11 000 км;внедорожник 5 дв.;белый;5.5 л / 585 л.с. / Бензин;автоматическая;полный;Не требует ремонта;8,230,000;337,571;132,081
https://auto.ru/cars/used/sale/mercedes/gle_klasse_coupe_amg/1106676215-c371598b/;Mercedes-Benz GLE Coupe AMG 63 AMG S I (C292);2018;41 000 км;внедорожник 5 дв.;чёрный;5.5 л / 585 л.с. / Бензин;автоматическая;полный;Не требует ремонта;8,400,000;344,544;134,809
https://auto.ru/cars/used/sale/mercedes/gle_klasse_coupe_amg/1116052491-39989f23/;Mercedes-Benz GLE Coupe AMG 43 AMG I (C292);2018;24 000 км;внедорожник 5 дв.;чёрный;3.0 л / 390 л.с. / Бензин;автоматическая;полный;Не требует ремонта;8,630,000;353,978;138,501
https://auto.ru/cars/used/sale/mercedes/gle_klasse_coupe_amg/1115216830-f456ac04/;Mercedes-Benz GLE Coupe AMG 63 AMG S I (C292);2017;33 000 км;внедорожник 5 дв.;белый;5.5 л / 585 л.с. / Бензин;автоматическая;полный;Не требует ремонта;8,850,000;363,002;142,031
https://auto.ru/cars/used/sale/mercedes/gle_klasse_coupe_amg/1115726108-f599793c/;Mercedes-Benz GLE Coupe AMG 63 AMG S I (C292);2017;56 000 км;внедорожник 5 дв.;чёрный;5.5 л / 585 л.с. / Бензин;автоматическая;полный;Не требует ремонта;8,850,000;363,002;142,031
https://auto.ru/cars/used/sale/mercedes/gle_klasse_coupe_amg/1116268247-184d4731/;Mercedes-Benz GLE Coupe AMG 63 AMG S I (C292);2018;77 000 км;внедорожник 5 дв.;серый;5.5 л / 585 л.с. / Бензин;автоматическая;полный;Не требует ремонта;8,930,000;366,283;143,315
https://auto.ru/cars/used/sale/mercedes/gle_klasse_coupe_amg/1116500544-66b5b841/;Mercedes-Benz GLE Coupe AMG 43 AMG I (C292);2017;22 000 км;внедорожник 5 дв.;чёрный;3.0 л / 390 л.с. / Бензин;автоматическая;полный;Не требует ремонта;9,000,000;369,155;144,439
https://auto.ru/cars/used/sale/mercedes/gle_klasse_coupe_amg/1115185163-cdd9347a/;Mercedes-Benz GLE Coupe AMG 63 AMG S I (C292);2019;39 000 км;внедорожник 5 дв.;синий;5.5 л / 585 л.с. / Бензин;автоматическая;полный;Не требует ремонта;9,110,000;373,666;146,204
https://auto.ru/cars/used/sale/mercedes/gle_klasse_coupe_amg/1103180013-3da07ab8/;Mercedes-Benz GLE Coupe AMG 63 AMG I (C292);2018;31 000 км;внедорожник 5 дв.;чёрный;5.5 л / 558 л.с. / Бензин;автоматическая;полный;Не требует ремонта;9,170,000;376,127;147,167
https://auto.ru/cars/used/sale/mercedes/gle_klasse_coupe_amg/1116855341-79449616/;Mercedes-Benz GLE Coupe AMG 43 AMG I (C292);2017;10 000 км;внедорожник 5 дв.;синий;3.0 л / 367 л.с. / Бензин;автоматическая;полный;Не требует ремонта;9,210,000;377,768;147,809
https://auto.ru/cars/used/sale/mercedes/gle_klasse_coupe_amg/1116663490-b43ff95d/;Mercedes-Benz GLE Coupe AMG 43 AMG I (C292);2019;57 000 км;внедорожник 5 дв.;чёрный;3.0 л / 390 л.с. / Бензин;автоматическая;полный;Не требует ремонта;9,360,000;383,921;150,216
https://auto.ru/cars/used/sale/mercedes/gle_klasse_coupe_amg/1106215700-f8fa7ea3/;Mercedes-Benz GLE Coupe AMG 63 AMG I (C292);2017;23 000 км;внедорожник 5 дв.;белый;5.5 л / 558 л.с. / Бензин;автоматическая;полный;Не требует ремонта;9,620,000;394,585;154,389
https://auto.ru/cars/used/sale/mercedes/gle_klasse_coupe_amg/1117040342-5647f82b/;Mercedes-Benz GLE Coupe AMG 43 AMG I (C292);2019;8 000 км;внедорожник 5 дв.;серый;3.0 л / 390 л.с. / Бензин;автоматическая;полный;Не требует ремонта;9,680,000;397,046;155,352
https://auto.ru/cars/used/sale/mercedes/gle_klasse_coupe_amg/1116762966-578d0add/;Mercedes-Benz GLE Coupe AMG 53 AMG II (C167);2020;76 000 км;внедорожник 5 дв.;серый;3.0 л / 435 л.с. / Бензин;автоматическая;полный;Не требует ремонта;9,880,000;405,250;158,562
https://auto.ru/cars/used/sale/mercedes/gle_klasse_coupe_amg/1117020539-adc56b07/;Mercedes-Benz GLE Coupe AMG 53 AMG II (C167);2021;6 000 км;внедорожник 5 дв.;серый;3.0 л / 435 л.с. / Бензин;автоматическая;полный;Не требует ремонта;10,820,000;443,806;173,647
https://auto.ru/cars/used/sale/mercedes/gle_klasse_coupe_amg/1115875853-ebaad516/;Mercedes-Benz GLE Coupe AMG 53 AMG II (C167);2020;8 000 км;внедорожник 5 дв.;белый;3.0 л / 435 л.с. / Бензин;автоматическая;полный;Не требует ремонта;10,920,000;447,908;175,252
https://auto.ru/cars/used/sale/mercedes/gle_klasse_coupe_amg/1116772379-5438be30/;Mercedes-Benz GLE Coupe AMG 63 AMG II (C167);2021;21 000 км;внедорожник 5 дв.;чёрный;4.0 л / 571 л.с. / Бензин;автоматическая;полный;Не требует ремонта;10,920,000;447,908;175,252
https://auto.ru/cars/used/sale/mercedes/gle_klasse_coupe_amg/1116463295-7f51bb29/;Mercedes-Benz GLE Coupe AMG 63 AMG S II (C167);2021;19 000 км;внедорожник 5 дв.;серый;4.0 л / 612 л.с. / Бензин;автоматическая;полный;Не требует ремонта;11,180,000;458,572;179,425
https://auto.ru/cars/used/sale/mercedes/gle_klasse_coupe_amg/1116329055-35f6c4d0/;Mercedes-Benz GLE Coupe AMG 63 AMG S II (C167);2020;64 000 км;внедорожник 5 дв.;чёрный;4.0 л / 612 л.с. / Бензин;автоматическая;полный;Не требует ремонта;11,430,000;468,826;183,437
https://auto.ru/cars/used/sale/mercedes/gle_klasse_coupe_amg/1116277655-23397d64/;Mercedes-Benz GLE Coupe AMG 63 AMG II (C167);2020;15 000 км;внедорожник 5 дв.;белый;4.0 л / 571 л.с. / Бензин;автоматическая;полный;Не требует ремонта;11,450,000;469,647;183,758
https://auto.ru/cars/used/sale/mercedes/gle_klasse_coupe_amg/1116700028-10ba955a/;Mercedes-Benz GLE Coupe AMG 63 AMG II (C167);2020;47 000 км;внедорожник 5 дв.;синий;4.0 л / 571 л.с. / Бензин;автоматическая;полный;Не требует ремонта;11,660,000;478,260;187,128
https://auto.ru/cars/used/sale/mercedes/gle_klasse_coupe_amg/1116325243-03d9be50/;Mercedes-Benz GLE Coupe AMG 63 AMG II (C167);2020;45 000 км;внедорожник 5 дв.;белый;4.0 л / 571 л.с. / Бензин;автоматическая;полный;Не требует ремонта;11,880,000;487,284;190,659
https://auto.ru/cars/used/sale/mercedes/gle_klasse_coupe_amg/1116074650-595a3630/;Mercedes-Benz GLE Coupe AMG 53 AMG II (C167);2021;4 000 км;внедорожник 5 дв.;серый;3.0 л / 435 л.с. / Бензин;автоматическая;полный;Не требует ремонта;12,040,000;493,847;193,227
https://auto.ru/cars/used/sale/mercedes/gle_klasse_coupe_amg/1116615867-87af1c24/;Mercedes-Benz GLE Coupe AMG 53 AMG II (C167);2021;20 000 км;внедорожник 5 дв.;серый;3.0 л / 435 л.с. / Бензин;автоматическая;полный;Не требует ремонта;12,100,000;496,308;194,190
https://auto.ru/cars/used/sale/mercedes/gle_klasse_coupe_amg/1115028063-27054b53/;Mercedes-Benz GLE Coupe AMG 53 AMG II (C167);2020;8 000 км;внедорожник 5 дв.;белый;3.0 л / 435 л.с. / Бензин;автоматическая;полный;Не требует ремонта;12,310,000;504,922;197,560
https://auto.ru/cars/used/sale/mercedes/gle_klasse_coupe_amg/1117026801-16bd60ee/;Mercedes-Benz GLE Coupe AMG 53 AMG II (C167);2021;19 000 км;внедорожник 5 дв.;чёрный;3.0 л / 435 л.с. / Бензин;автоматическая;полный;Не требует ремонта;12,630,000;518,047;202,696
https://auto.ru/cars/used/sale/mercedes/gle_klasse_coupe_amg/1117030891-6f4e95bd/;Mercedes-Benz GLE Coupe AMG 53 AMG II (C167);2020;21 000 км;внедорожник 5 дв.;белый;3.0 л / 435 л.с. / Бензин;автоматическая;полный;Не требует ремонта;12,650,000;518,867;203,017
https://auto.ru/cars/used/sale/mercedes/gle_klasse_coupe_amg/1116144229-d82505f4/;Mercedes-Benz GLE Coupe AMG 63 AMG II (C167);2022;1 000 км;внедорожник 5 дв.;чёрный;4.0 л / 571 л.с. / Бензин;автоматическая;полный;Не требует ремонта;12,730,000;522,149;204,301
https://auto.ru/cars/used/sale/mercedes/gle_klasse_coupe_amg/1116858343-44c85155/;Mercedes-Benz GLE Coupe AMG 53 AMG II (C167);2021;36 000 км;внедорожник 5 дв.;серый;3.0 л / 435 л.с. / Бензин;автоматическая;полный;Не требует ремонта;12,980,000;532,403;208,313
https://auto.ru/cars/used/sale/mercedes/gle_klasse_coupe_amg/1102546440-3c0291b7/;Mercedes-Benz GLE Coupe AMG 53 AMG II (C167);2020;28 000 км;внедорожник 5 дв.;чёрный;3.0 л / 435 л.с. / Бензин;автоматическая;полный;Не требует ремонта;13,000,000;533,223;208,634
https://auto.ru/cars/used/sale/mercedes/gle_klasse_coupe_amg/1105055913-dcadba9b/;Mercedes-Benz GLE Coupe AMG 43 AMG I (C292);2018;5 000 км;внедорожник 5 дв.;чёрный;3.0 л / 390 л.с. / Бензин;автоматическая;полный;Не требует ремонта;13,090,000;536,915;210,078
https://auto.ru/cars/used/sale/mercedes/gle_klasse_coupe_amg/1116276934-21c98c0e/;Mercedes-Benz GLE Coupe AMG 63 AMG S II (C167);2021;7 000 км;внедорожник 5 дв.;белый;4.0 л / 612 л.с. / Бензин;автоматическая;полный;Не требует ремонта;13,240,000;543,068;212,485
https://auto.ru/cars/used/sale/mercedes/gle_klasse_coupe_amg/1116554238-9dcf2011/;Mercedes-Benz GLE Coupe AMG 53 AMG II (C167);2022;1 000 км;внедорожник 5 дв.;чёрный;3.0 л / 435 л.с. / Бензин;автоматическая;полный;Не требует ремонта;14,140,000;579,983;226,929
https://auto.ru/cars/used/sale/mercedes/gle_klasse_coupe_amg/1116034305-32e97e0e/;Mercedes-Benz GLE Coupe AMG 53 AMG II (C167);2022;1 000 км;внедорожник 5 дв.;белый;3.0 л / 435 л.с. / Бензин;автоматическая;полный;Не требует ремонта;14,210,000;582,854;228,053
https://auto.ru/cars/used/sale/mercedes/gle_klasse_coupe_amg/1116815268-8390ec88/;Mercedes-Benz GLE Coupe AMG 63 AMG S II (C167);2021;20 000 км;внедорожник 5 дв.;белый;4.0 л / 612 л.с. / Бензин;автоматическая;полный;Не требует ремонта;14,380,000;589,827;230,781
https://auto.ru/cars/used/sale/mercedes/gle_klasse_coupe_amg/1116936082-0c89615e/;Mercedes-Benz GLE Coupe AMG 53 AMG II (C167);2021;18 000 км;внедорожник 5 дв.;серый;3.0 л / 435 л.с. / Бензин;автоматическая;полный;Не требует ремонта;14,470,000;593,519;232,225
https://auto.ru/cars/used/sale/mercedes/gle_klasse_coupe_amg/1116314177-bf68c65e/;Mercedes-Benz GLE Coupe AMG 53 AMG II (C167);2021;12 000 км;внедорожник 5 дв.;серый;3.0 л / 435 л.с. / Бензин;автоматическая;полный;Не требует ремонта;14,470,000;593,519;232,225
https://auto.ru/cars/used/sale/mercedes/gle_klasse_coupe_amg/1114626805-62d07e69/;Mercedes-Benz GLE Coupe AMG 53 AMG II (C167);2021;6 000 км;внедорожник 5 дв.;белый;3.0 л / 435 л.с. / Бензин;автоматическая;полный;Не требует ремонта;14,820,000;607,875;237,843
https://auto.ru/cars/used/sale/mercedes/gle_klasse_coupe_amg/1115160405-81a6b856/;Mercedes-Benz GLE Coupe AMG 53 AMG II (C167);2021;5 000 км;внедорожник 5 дв.;чёрный;3.0 л / 435 л.с. / Бензин;автоматическая;полный;Не требует ремонта;14,860,000;609,515;238,484
https://auto.ru/cars/used/sale/mercedes/gle_klasse_coupe_amg/1115728990-19c35a4e/;Mercedes-Benz GLE Coupe AMG 63 AMG S II (C167);2021;5 000 км;внедорожник 5 дв.;синий;4.0 л / 612 л.с. / Бензин;автоматическая;полный;Не требует ремонта;14,900,000;611,156;239,126
https://auto.ru/cars/used/sale/mercedes/gle_klasse_coupe_amg/1115804488-d519e0da/;Mercedes-Benz GLE Coupe AMG 53 AMG II (C167);2021;9 000 км;внедорожник 5 дв.;белый;3.0 л / 435 л.с. / Бензин;автоматическая;полный;Не требует ремонта;15,000,000;615,258;240,731
https://auto.ru/cars/used/sale/mercedes/gle_klasse_coupe_amg/1117033009-8b84a145/;Mercedes-Benz GLE Coupe AMG 63 AMG S II (C167);2020;28 000 км;внедорожник 5 дв.;чёрный;4.0 л / 612 л.с. / Бензин;автоматическая;полный;Не требует ремонта;15,380,000;630,844;246,830
https://auto.ru/cars/used/sale/mercedes/gle_klasse_coupe_amg/1116849969-de8820f7/;Mercedes-Benz GLE Coupe AMG 53 AMG II (C167);2021;13 000 км;внедорожник 5 дв.;чёрный;3.0 л / 435 л.с. / Бензин;автоматическая;полный;Не требует ремонта;15,540,000;637,407;249,398
https://auto.ru/cars/used/sale/mercedes/gle_klasse_coupe_amg/1116570882-86ff5679/;Mercedes-Benz GLE Coupe AMG 53 AMG II (C167);2021;2 000 км;внедорожник 5 дв.;белый;3.0 л / 435 л.с. / Бензин;автоматическая;полный;Не требует ремонта;15,580,000;639,048;250,040
https://auto.ru/cars/used/sale/mercedes/gle_klasse_coupe_amg/1115574883-f2328a78/;Mercedes-Benz GLE Coupe AMG 63 AMG S II (C167);2020;30 000 км;внедорожник 5 дв.;чёрный;4.0 л / 612 л.с. / Бензин;автоматическая;полный;Не требует ремонта;15,680,000;643,150;251,645
https://auto.ru/cars/used/sale/mercedes/gle_klasse_coupe_amg/1116971385-6959bad5/;Mercedes-Benz GLE Coupe AMG 63 AMG S II (C167);2021;9 000 км;внедорожник 5 дв.;белый;4.0 л / 612 л.с. / Бензин;автоматическая;полный;Не требует ремонта;15,900,000;652,173;255,175
https://auto.ru/cars/used/sale/mercedes/gle_klasse_coupe_amg/1117002163-b03c8b0c/;Mercedes-Benz GLE Coupe AMG 53 AMG II (C167);2021;1 000 км;внедорожник 5 дв.;белый;3.0 л / 435 л.с. / Бензин;автоматическая;полный;Не требует ремонта;16,100,000;660,377;258,385
https://auto.ru/cars/used/sale/mercedes/gle_klasse_coupe_amg/1115593810-f953a826/;Mercedes-Benz GLE Coupe AMG 63 AMG S II (C167);2020;28 000 км;внедорожник 5 дв.;белый;4.0 л / 612 л.с. / Бензин;автоматическая;полный;Не требует ремонта;16,360,000;671,041;262,558
https://auto.ru/cars/used/sale/mercedes/gle_klasse_coupe_amg/1116851366-ab9e3152/;Mercedes-Benz GLE Coupe AMG 53 AMG II (C167);2021;7 000 км;внедорожник 5 дв.;чёрный;3.0 л / 435 л.с. / Бензин;автоматическая;полный;Не требует ремонта;16,500,000;676,784;264,805
https://auto.ru/cars/used/sale/mercedes/gle_klasse_coupe_amg/1106512681-7d8cc2f7/;Mercedes-Benz GLE Coupe AMG 63 AMG S II (C167);2020;6 000 км;внедорожник 5 дв.;чёрный;4.0 л / 612 л.с. / Бензин;автоматическая;полный;Не требует ремонта;16,660,000;683,347;267,372
https://auto.ru/cars/new/group/mercedes/gle_klasse_coupe_amg/22103875/22103969/1116193245-5ac7478a/;Предложение от дилера;information not found;information not found;information not found;information not found;information not found;information not found;information not found;information not found;16,900,000;693,191;271,224
https://auto.ru/cars/used/sale/mercedes/gle_klasse_coupe_amg/1115604186-731e71ef/;Mercedes-Benz GLE Coupe AMG 63 AMG S II (C167);2021;4 000 км;внедорожник 5 дв.;синий;4.0 л / 612 л.с. / Бензин;автоматическая;полный;Не требует ремонта;17,330,000;710,828;278,125
https://auto.ru/cars/used/sale/mercedes/gle_klasse_coupe_amg/1116396415-77e3df79/;Mercedes-Benz GLE Coupe AMG 63 AMG II (C167);2021;1 000 км;внедорожник 5 дв.;синий;4.0 л / 571 л.с. / Бензин;автоматическая;полный;Не требует ремонта;17,340,000;711,238;278,285
https://auto.ru/cars/used/sale/mercedes/gle_klasse_coupe_amg/1115772552-677aa2f0/;Mercedes-Benz GLE Coupe AMG 63 AMG S II (C167);2020;5 000 км;внедорожник 5 дв.;чёрный;4.0 л / 612 л.с. / Бензин;автоматическая;полный;Не требует ремонта;17,340,000;711,238;278,285
https://auto.ru/cars/used/sale/mercedes/gle_klasse_coupe_amg/1114930885-5d8cf523/;Mercedes-Benz GLE Coupe AMG 53 AMG II (C167);2021;1 000 км;внедорожник 5 дв.;белый;3.0 л / 435 л.с. / Бензин;автоматическая;полный;Не требует ремонта;17,370,000;712,469;278,767
https://auto.ru/cars/used/sale/mercedes/gle_klasse_coupe_amg/1115255455-a34365d3/;Mercedes-Benz GLE Coupe AMG 53 AMG II (C167);2021;11 000 км;внедорожник 5 дв.;красный;3.0 л / 435 л.с. / Бензин;автоматическая;полный;Не требует ремонта;17,440,000;715,340;279,890
https://auto.ru/cars/used/sale/mercedes/gle_klasse_coupe_amg/1116314460-4603f88b/;Mercedes-Benz GLE Coupe AMG 63 AMG S II (C167);2020;8 000 км;внедорожник 5 дв.;белый;4.0 л / 612 л.с. / Бензин;автоматическая;полный;Не требует ремонта;17,600,000;721,903;282,458
https://auto.ru/cars/used/sale/mercedes/gle_klasse_coupe_amg/1116764751-a5ae08c6/;Mercedes-Benz GLE Coupe AMG 53 AMG II (C167);2021;1 000 км;внедорожник 5 дв.;серый;3.0 л / 435 л.с. / Бензин;автоматическая;полный;Не требует ремонта;17,680,000;725,184;283,742
https://auto.ru/cars/used/sale/mercedes/gle_klasse_coupe_amg/1116712165-76899ed6/;Mercedes-Benz GLE Coupe AMG 63 AMG S II (C167);2021;6 000 км;внедорожник 5 дв.;чёрный;4.0 л / 612 л.с. / Бензин;автоматическая;полный;Не требует ремонта;18,060,000;740,771;289,841
https://auto.ru/cars/used/sale/mercedes/gle_klasse_coupe_amg/1116445147-0c3adc4b/;Mercedes-Benz GLE Coupe AMG 63 AMG S II (C167);2021;6 000 км;внедорожник 5 дв.;чёрный;4.0 л / 612 л.с. / Бензин;автоматическая;полный;Не требует ремонта;18,220,000;747,333;292,408
https://auto.ru/cars/new/group/mercedes/gle_klasse_coupe_amg/22103874/22103969/1116997413-41f932e3/;Предложение от дилера;information not found;information not found;information not found;information not found;information not found;information not found;information not found;information not found;18,400,000;754,716;295,297
https://auto.ru/cars/used/sale/mercedes/gle_klasse_coupe_amg/1116728084-4997626a/;Mercedes-Benz GLE Coupe AMG 63 AMG S II (C167);2020;23 000 км;внедорожник 5 дв.;серый;4.0 л / 612 л.с. / Бензин;автоматическая;полный;Не требует ремонта;18,530,000;760,049;297,384
https://auto.ru/cars/used/sale/mercedes/gle_klasse_coupe_amg/1116767443-454b2b91/;Mercedes-Benz GLE Coupe AMG 63 AMG S II (C167);2022;1 000 км;внедорожник 5 дв.;серый;4.0 л / 612 л.с. / Бензин;автоматическая;полный;Не требует ремонта;18,570,000;761,689;298,025
https://auto.ru/cars/used/sale/mercedes/gle_klasse_coupe_amg/1116537206-6e1d64dc/;Mercedes-Benz GLE Coupe AMG 63 AMG S II (C167);2021;1 000 км;внедорожник 5 дв.;серый;4.0 л / 612 л.с. / Бензин;автоматическая;полный;Не требует ремонта;18,730,000;768,252;300,593
https://auto.ru/cars/used/sale/mercedes/gle_klasse_coupe_amg/1114991620-c79652de/;Mercedes-Benz GLE Coupe AMG 63 AMG S II (C167);2020;14 000 км;внедорожник 5 дв.;чёрный;4.0 л / 612 л.с. / Бензин;автоматическая;полный;Не требует ремонта;18,820,000;771,944;302,038
https://auto.ru/cars/used/sale/mercedes/gle_klasse_coupe_amg/1116863007-43785255/;Mercedes-Benz GLE Coupe AMG 63 AMG S II (C167);2020;30 000 км;внедорожник 5 дв.;белый;4.0 л / 612 л.с. / Бензин;автоматическая;полный;Не требует ремонта;19,130,000;784,659;307,013
https://auto.ru/cars/new/group/mercedes/gle_klasse_coupe_amg/22103875/22103969/1116998279-82c3e48e/;Предложение от дилера;information not found;information not found;information not found;information not found;information not found;information not found;information not found;information not found;19,250,000;789,581;308,939
https://auto.ru/cars/used/sale/mercedes/gle_klasse_coupe_amg/1115484944-94f72ef2/;Mercedes-Benz GLE Coupe AMG 63 AMG S II (C167);2021;4 000 км;внедорожник 5 дв.;синий;4.0 л / 612 л.с. / Бензин;автоматическая;полный;Не требует ремонта;19,340,000;793,273;310,383
https://auto.ru/cars/new/group/mercedes/gle_klasse_coupe_amg/22103874/22103969/1116556736-1d81488b/;Предложение от дилера;information not found;information not found;information not found;information not found;information not found;information not found;information not found;information not found;19,600,000;803,937;314,556
https://auto.ru/cars/new/group/mercedes/gle_klasse_coupe_amg/22103875/22103969/1114835071-12bfc026/;Предложение от дилера;information not found;information not found;information not found;information not found;information not found;information not found;information not found;information not found;19,880,000;815,422;319,049
https://auto.ru/cars/used/sale/mercedes/gle_klasse_coupe_amg/1116784437-5e52da97/;Mercedes-Benz GLE Coupe AMG 63 AMG S II (C167);2021;7 000 км;внедорожник 5 дв.;серый;4.0 л / 612 л.с. / Бензин;автоматическая;полный;Не требует ремонта;20,280,000;831,829;325,469
https://auto.ru/cars/used/sale/mercedes/gle_klasse_coupe_amg/1115017807-92516b43/;Mercedes-Benz GLE Coupe AMG 63 AMG S II (C167);2021;9 000 км;внедорожник 5 дв.;чёрный;4.0 л / 612 л.с. / Бензин;автоматическая;полный;Не требует ремонта;20,900,000;857,260;335,419
https://auto.ru/cars/used/sale/mercedes/gle_klasse_coupe_amg/1115034096-b1dc85b7/;Mercedes-Benz GLE Coupe AMG 53 AMG II (C167);2021;1 000 км;внедорожник 5 дв.;синий;3.0 л / 435 л.с. / Бензин;автоматическая;полный;Не требует ремонта;21,780,000;893,355;349,542
https://auto.ru/cars/used/sale/mercedes/gle_klasse_coupe_amg/1116534615-525b86b6/;Mercedes-Benz GLE Coupe AMG 63 AMG S II (C167);2021;31 000 км;внедорожник 5 дв.;чёрный;4.0 л / 612 л.с. / Бензин;автоматическая;полный;Не требует ремонта;21,890,000;897,867;351,307
https://auto.ru/cars/used/sale/mercedes/gle_klasse_coupe_amg/1115239054-7431d2d1/;Mercedes-Benz GLE Coupe AMG 63 AMG S II (C167);2021;15 000 км;внедорожник 5 дв.;чёрный;4.0 л / 612 л.с. / Бензин;автоматическая;полный;Не требует ремонта;24,640,000;1,010,664;395,442
https://auto.ru/cars/new/group/mercedes/gle_klasse_coupe_amg/22103876/22438810/1104886253-6bc7a555/;Предложение от дилера;information not found;information not found;information not found;information not found;information not found;information not found;information not found;information not found;24,750,000;1,015,176;397,207
https://auto.ru/cars/used/sale/mercedes/gle_klasse_coupe_amg/1114896577-65597255/;Mercedes-Benz GLE Coupe AMG 63 AMG S II (C167);2021;1 000 км;внедорожник 5 дв.;зелёный;4.0 л / 612 л.с. / Бензин;автоматическая;полный;Не требует ремонта;25,500,000;1,045,939;409,244
https://auto.ru/cars/used/sale/mercedes/gle_klasse_coupe_amg/1115314156-5ebd76ca/;Mercedes-Benz GLE Coupe AMG 63 AMG S II (C167);2021;1 000 км;внедорожник 5 дв.;серый;4.0 л / 612 л.с. / Бензин;автоматическая;полный;Не требует ремонта;26,340,000;1,080,393;422,725
https://auto.ru/cars/used/sale/mercedes/gle_klasse_coupe_amg/1115885527-3d4d416d/;Mercedes-Benz GLE Coupe AMG 63 AMG S II (C167);2021;1 000 км;внедорожник 5 дв.;чёрный;4.0 л / 612 л.с. / Бензин;автоматическая;полный;Не требует ремонта;27,240,000;1,117,309;437,168
https://auto.ru/cars/used/sale/mercedes/gle_klasse_coupe_amg/1116964138-47fa8e88/;Mercedes-Benz GLE Coupe AMG 43 AMG I (C292);2017;88 000 км;внедорожник 5 дв.;белый;3.0 л / 367 л.с. / Бензин;автоматическая;полный;Не требует ремонта;3,930,000;161,197;63,071
https://auto.ru/cars/used/sale/mercedes/gle_klasse_coupe_amg/1116430964-0b999c65/;Mercedes-Benz GLE Coupe AMG 63 AMG S I (C292);2016;128 000 км;внедорожник 5 дв.;коричневый;5.5 л / 585 л.с. / Бензин;автоматическая;полный;Не требует ремонта;4,220,000;173,092;67,725
https://auto.ru/cars/used/sale/mercedes/gle_klasse_coupe_amg/1117015334-0b32ccd2/;Mercedes-Benz GLE Coupe AMG 63 AMG I (C292);2017;79 000 км;внедорожник 5 дв.;белый;5.5 л / 558 л.с. / Бензин;автоматическая;полный;Не требует ремонта;4,350,000;178,424;69,812
https://auto.ru/cars/used/sale/mercedes/gle_klasse_coupe_amg/1115076944-4ede1e0f/;Mercedes-Benz GLE Coupe AMG 43 AMG I (C292);2015;232 000 км;внедорожник 5 дв.;белый;3.0 л / 367 л.с. / Бензин;автоматическая;полный;Не требует ремонта;4,400,000;180,475;70,614
https://auto.ru/cars/used/sale/mercedes/gle_klasse_coupe_amg/1117000639-823c181d/;Mercedes-Benz GLE Coupe AMG 63 AMG I (C292);2015;156 000 км;внедорожник 5 дв.;синий;5.5 л / 558 л.с. / Бензин;автоматическая;полный;Не требует ремонта;4,580,000;187,858;73,503
https://auto.ru/cars/used/sale/mercedes/gle_klasse_coupe_amg/1116312395-ae2c7309/;Mercedes-Benz GLE Coupe AMG 63 AMG S I (C292);2016;63 000 км;внедорожник 5 дв.;чёрный;5.5 л / 585 л.с. / Бензин;автоматическая;полный;Не требует ремонта;4,590,000;188,269;73,663
https://auto.ru/cars/used/sale/mercedes/gle_klasse_coupe_amg/1115589038-b95050fc/;Mercedes-Benz GLE Coupe AMG 43 AMG I (C292);2016;96 000 км;внедорожник 5 дв.;чёрный;3.0 л / 367 л.с. / Бензин;автоматическая;полный;Не требует ремонта;4,600,000;188,679;73,824
https://auto.ru/cars/used/sale/mercedes/gle_klasse_coupe_amg/1116984473-6e0e9e18/;Mercedes-Benz GLE Coupe AMG 63 AMG I (C292);2015;98 000 км;внедорожник 5 дв.;чёрный;5.5 л / 558 л.с. / Бензин;автоматическая;полный;Не требует ремонта;4,610,000;189,089;73,984
https://auto.ru/cars/used/sale/mercedes/gle_klasse_coupe_amg/1115369847-95ea30d2/;Mercedes-Benz GLE Coupe AMG 63 AMG I (C292);2015;70 000 км;внедорожник 5 дв.;серебристый;5.5 л / 558 л.с. / Бензин;автоматическая;полный;Не требует ремонта;4,680,000;191,960;75,108
https://auto.ru/cars/used/sale/mercedes/gle_klasse_coupe_amg/1116604716-65b1892f/;Mercedes-Benz GLE Coupe AMG 63 AMG I (C292);2017;85 000 км;внедорожник 5 дв.;белый;5.5 л / 558 л.с. / Бензин;автоматическая;полный;Не требует ремонта;4,800,000;196,882;77,034
https://auto.ru/cars/used/sale/mercedes/gle_klasse_coupe_amg/1116348350-9a6160f7/;Mercedes-Benz GLE Coupe AMG 43 AMG I (C292);2017;186 000 км;внедорожник 5 дв.;чёрный;3.0 л / 367 л.с. / Бензин;автоматическая;полный;Не требует ремонта;4,830,000;198,113;77,515
https://auto.ru/cars/used/sale/mercedes/gle_klasse_coupe_amg/1114860604-3a4ba7b8/;Mercedes-Benz GLE Coupe AMG 63 AMG I (C292);2015;142 000 км;внедорожник 5 дв.;синий;5.5 л / 558 л.с. / Бензин;автоматическая;полный;Не требует ремонта;4,920,000;201,804;78,960
https://auto.ru/cars/used/sale/mercedes/gle_klasse_coupe_amg/1102554316-c070513c/;Mercedes-Benz GLE Coupe AMG 43 AMG I (C292);2016;82 000 км;внедорожник 5 дв.;чёрный;3.0 л / 390 л.с. / Бензин;автоматическая;полный;Не требует ремонта;4,930,000;202,214;79,120
https://auto.ru/cars/used/sale/mercedes/gle_klasse_coupe_amg/1116685759-b0e7e577/;Mercedes-Benz GLE Coupe AMG 43 AMG I (C292);2016;87 000 км;внедорожник 5 дв.;чёрный;3.0 л / 367 л.с. / Бензин;автоматическая;полный;Не требует ремонта;4,960,000;203,445;79,601
https://auto.ru/cars/used/sale/mercedes/gle_klasse_coupe_amg/1104968348-142de4c3/;Mercedes-Benz GLE Coupe AMG 43 AMG I (C292);2015;94 000 км;внедорожник 5 дв.;чёрный;3.0 л / 367 л.с. / Бензин;автоматическая;полный;Не требует ремонта;4,990,000;204,675;80,083
https://auto.ru/cars/used/sale/mercedes/gle_klasse_coupe_amg/1116590507-9aaf878c/;Mercedes-Benz GLE Coupe AMG 43 AMG I (C292);2016;89 000 км;внедорожник 5 дв.;чёрный;3.0 л / 367 л.с. / Бензин;автоматическая;полный;Не требует ремонта;5,020,000;205,906;80,564
https://auto.ru/cars/used/sale/mercedes/gle_klasse_coupe_amg/1104793562-f761a28b/;Mercedes-Benz GLE Coupe AMG 43 AMG I (C292);2015;93 000 км;внедорожник 5 дв.;белый;3.0 л / 367 л.с. / Бензин;автоматическая;полный;Не требует ремонта;5,090,000;208,777;81,688
https://auto.ru/cars/used/sale/mercedes/gle_klasse_coupe_amg/1115882496-954a3564/;Mercedes-Benz GLE Coupe AMG 63 AMG S I (C292);2015;110 000 км;внедорожник 5 дв.;белый;5.5 л / 585 л.с. / Бензин;автоматическая;полный;Не требует ремонта;5,180,000;212,469;83,132
https://auto.ru/cars/used/sale/mercedes/gle_klasse_coupe_amg/1116897436-dd9c8115/;Mercedes-Benz GLE Coupe AMG 63 AMG I (C292);2017;132 000 км;внедорожник 5 дв.;чёрный;5.5 л / 558 л.с. / Бензин;автоматическая;полный;Не требует ремонта;5,200,000;213,289;83,453
https://auto.ru/cars/used/sale/mercedes/gle_klasse_coupe_amg/1104157269-26509f7e/;Mercedes-Benz GLE Coupe AMG 63 AMG S I (C292);2017;172 000 км;внедорожник 5 дв.;серебристый;5.5 л / 585 л.с. / Бензин;автоматическая;полный;Не требует ремонта;5,240,000;214,930;84,095
https://auto.ru/cars/used/sale/mercedes/gle_klasse_coupe_amg/1116689441-4396f4ea/;Mercedes-Benz GLE Coupe AMG 43 AMG I (C292);2015;76 000 км;внедорожник 5 дв.;белый;3.0 л / 390 л.с. / Бензин;автоматическая;полный;Не требует ремонта;5,280,000;216,570;84,737
https://auto.ru/cars/used/sale/mercedes/gle_klasse_coupe_amg/1115579027-03cfbafe/;Mercedes-Benz GLE Coupe AMG 63 AMG S I (C292);2016;204 000 км;внедорожник 5 дв.;чёрный;5.5 л / 585 л.с. / Бензин;автоматическая;полный;Не требует ремонта;5,360,000;219,852;86,021
https://auto.ru/cars/used/sale/mercedes/gle_klasse_coupe_amg/1116928970-e946c38a/;Mercedes-Benz GLE Coupe AMG 63 AMG S I (C292);2017;64 000 км;внедорожник 5 дв.;серебристый;5.5 л / 585 л.с. / Бензин;автоматическая;полный;Не требует ремонта;5,460,000;223,954;87,626
https://auto.ru/cars/used/sale/mercedes/gle_klasse_coupe_amg/1116924435-cdf01a14/;Mercedes-Benz GLE Coupe AMG 63 AMG I (C292);2019;14 000 км;внедорожник 5 дв.;белый;5.5 л / 558 л.с. / Бензин;автоматическая;полный;Не требует ремонта;5,520,000;226,415;88,589
https://auto.ru/cars/used/sale/mercedes/gle_klasse_coupe_amg/1116787357-7c8ee779/;Mercedes-Benz GLE Coupe AMG 63 AMG S I (C292);2015;84 000 км;внедорожник 5 дв.;чёрный;5.5 л / 585 л.с. / Бензин;автоматическая;полный;Не требует ремонта;5,540,000;227,235;88,910
https://auto.ru/cars/used/sale/mercedes/gle_klasse_coupe_amg/1115691786-37e3ed1c/;Mercedes-Benz GLE Coupe AMG 43 AMG I (C292);2017;87 000 км;внедорожник 5 дв.;чёрный;3.0 л / 390 л.с. / Бензин;автоматическая;полный;Не требует ремонта;5,570,000;228,465;89,391
https://auto.ru/cars/used/sale/mercedes/gle_klasse_coupe_amg/1116004428-bc84e714/;Mercedes-Benz GLE Coupe AMG 43 AMG I (C292);2018;55 000 км;внедорожник 5 дв.;серый;3.0 л / 390 л.с. / Бензин;автоматическая;полный;Не требует ремонта;5,580,000;228,876;89,552
https://auto.ru/cars/used/sale/mercedes/gle_klasse_coupe_amg/1115838534-637003ed/;Mercedes-Benz GLE Coupe AMG 63 AMG I (C292);2015;47 000 км;внедорожник 5 дв.;синий;5.5 л / 558 л.с. / Бензин;автоматическая;полный;Не требует ремонта;5,600,000;229,696;89,873
https://auto.ru/cars/used/sale/mercedes/gle_klasse_coupe_amg/1117042818-262d6277/;Mercedes-Benz GLE Coupe AMG 43 AMG I (C292);2017;55 000 км;внедорожник 5 дв.;синий;3.0 л / 367 л.с. / Бензин;автоматическая;полный;Не требует ремонта;5,610,000;230,106;90,033
https://auto.ru/cars/used/sale/mercedes/gle_klasse_coupe_amg/1116971841-b2012b05/;Mercedes-Benz GLE Coupe AMG 43 AMG I (C292);2015;134 000 км;внедорожник 5 дв.;чёрный;3.0 л / 367 л.с. / Бензин;автоматическая;полный;Не требует ремонта;5,610,000;230,106;90,033
https://auto.ru/cars/used/sale/mercedes/gle_klasse_coupe_amg/1116597189-8e49c42a/;Mercedes-Benz GLE Coupe AMG 63 AMG I (C292);2016;100 000 км;внедорожник 5 дв.;чёрный;5.5 л / 558 л.с. / Бензин;автоматическая;полный;Не требует ремонта;5,610,000;230,106;90,033
https://auto.ru/cars/used/sale/mercedes/gle_klasse_coupe_amg/1116259062-b5effecd/;Mercedes-Benz GLE Coupe AMG 63 AMG I (C292);2017;90 000 км;внедорожник 5 дв.;чёрный;5.5 л / 558 л.с. / Бензин;автоматическая;полный;Не требует ремонта;5,620,000;230,516;90,194
https://auto.ru/cars/used/sale/mercedes/gle_klasse_coupe_amg/1105152938-f2323593/;Mercedes-Benz GLE Coupe AMG 43 AMG I (C292);2017;46 000 км;внедорожник 5 дв.;чёрный;3.0 л / 390 л.с. / Бензин;автоматическая;полный;Не требует ремонта;5,640,000;231,337;90,515
https://auto.ru/cars/used/sale/mercedes/gle_klasse_coupe_amg/1116602321-70bfa457/;Mercedes-Benz GLE Coupe AMG 63 AMG S I (C292);2017;94 000 км;внедорожник 5 дв.;серый;5.5 л / 585 л.с. / Бензин;автоматическая;полный;Не требует ремонта;5,670,000;232,567;90,996
https://auto.ru/cars/used/sale/mercedes/gle_klasse_coupe_amg/1115989458-9a325522/;Mercedes-Benz GLE Coupe AMG 63 AMG S I (C292);2017;54 000 км;внедорожник 5 дв.;чёрный;5.5 л / 585 л.с. / Бензин;автоматическая;полный;Не требует ремонта;5,670,000;232,567;90,996
https://auto.ru/cars/used/sale/mercedes/gle_klasse_coupe_amg/1116621919-229d3eb4/;Mercedes-Benz GLE Coupe AMG 43 AMG I (C292);2017;45 000 км;внедорожник 5 дв.;серый;3.0 л / 390 л.с. / Бензин;автоматическая;полный;Не требует ремонта;5,720,000;234,618;91,799
https://auto.ru/cars/used/sale/mercedes/gle_klasse_coupe_amg/1116657137-6502376f/;Mercedes-Benz GLE Coupe AMG 43 AMG I (C292);2017;149 000 км;внедорожник 5 дв.;серый;3.0 л / 367 л.с. / Бензин;автоматическая;полный;Не требует ремонта;5,720,000;234,618;91,799
https://auto.ru/cars/used/sale/mercedes/gle_klasse_coupe_amg/1116645799-ebdb8a2e/;Mercedes-Benz GLE Coupe AMG 43 AMG I (C292);2017;85 000 км;внедорожник 5 дв.;чёрный;3.0 л / 367 л.с. / Бензин;автоматическая;полный;Не требует ремонта;5,730,000;235,028;91,959
https://auto.ru/cars/used/sale/mercedes/gle_klasse_coupe_amg/1116854476-0f50926a/;Mercedes-Benz GLE Coupe AMG 63 AMG I (C292);2015;33 000 км;внедорожник 5 дв.;серый;5.5 л / 558 л.с. / Бензин;автоматическая;полный;Не требует ремонта;5,880,000;241,181;94,366
https://auto.ru/cars/used/sale/mercedes/gle_klasse_coupe_amg/1116820023-88b53747/;Mercedes-Benz GLE Coupe AMG 63 AMG S I (C292);2017;51 000 км;внедорожник 5 дв.;чёрный;5.5 л / 585 л.с. / Бензин;автоматическая;полный;Не требует ремонта;5,890,000;241,591;94,527
https://auto.ru/cars/used/sale/mercedes/gle_klasse_coupe_amg/1117024004-48d96ff0/;Mercedes-Benz GLE Coupe AMG 63 AMG S I (C292);2018;36 000 км;внедорожник 5 дв.;чёрный;5.5 л / 585 л.с. / Бензин;автоматическая;полный;Не требует ремонта;5,990,000;245,693;96,132
https://auto.ru/cars/used/sale/mercedes/gle_klasse_coupe_amg/1115152225-ef211f2f/;Mercedes-Benz GLE Coupe AMG 63 AMG S I (C292);2017;66 000 км;внедорожник 5 дв.;чёрный;5.5 л / 585 л.с. / Бензин;автоматическая;полный;Не требует ремонта;5,990,000;245,693;96,132
https://auto.ru/cars/used/sale/mercedes/gle_klasse_coupe_amg/1116889406-7d7bdcbd/;Mercedes-Benz GLE Coupe AMG 43 AMG I (C292);2016;32 000 км;внедорожник 5 дв.;белый;3.0 л / 367 л.с. / Бензин;автоматическая;полный;Не требует ремонта;6,050,000;248,154;97,095
https://auto.ru/cars/used/sale/mercedes/gle_klasse_coupe_amg/1105885825-b3baec6d/;Mercedes-Benz GLE Coupe AMG 63 AMG S I (C292);2016;91 000 км;внедорожник 5 дв.;чёрный;5.5 л / 585 л.с. / Бензин;автоматическая;полный;Не требует ремонта;6,130,000;251,435;98,379
https://auto.ru/cars/used/sale/mercedes/gle_klasse_coupe_amg/1116352849-5d7b79d8/;Mercedes-Benz GLE Coupe AMG 63 AMG S I (C292);2016;100 000 км;внедорожник 5 дв.;белый;5.5 л / 585 л.с. / Бензин;автоматическая;полный;Не требует ремонта;6,200,000;254,306;99,502
https://auto.ru/cars/used/sale/mercedes/gle_klasse_coupe_amg/1116325564-6e66db2b/;Mercedes-Benz GLE Coupe AMG 43 AMG I (C292);2018;35 000 км;внедорожник 5 дв.;белый;3.0 л / 390 л.с. / Бензин;автоматическая;полный;Не требует ремонта;6,210,000;254,716;99,662
https://auto.ru/cars/used/sale/mercedes/gle_klasse_coupe_amg/1116055721-99f6745a/;information not found;information not found;information not found;information not found;information not found;information not found;information not found;information not found;information not found;information not found;information not found;information not found
https://auto.ru/cars/new/group/mercedes/gle_klasse_coupe_amg/22103874/22438810/1115818137-00d3472b/;Предложение от дилера;information not found;information not found;information not found;information not found;information not found;information not found;information not found;information not found;information not found;information not found;information not found
https://auto.ru/cars/new/group/mercedes/gle_klasse_coupe_amg/22103876/22103969/1116670618-19effeb7/;Предложение от дилера;information not found;information not found;information not found;information not found;information not found;information not found;information not found;information not found;information not found;information not found;information not found
https://auto.ru/cars/new/group/mercedes/gle_klasse_coupe_amg/22103874/22103969/1116670612-7822cb2e/;Предложение от дилера;information not found;information not found;information not found;information not found;information not found;information not found;information not found;information not found;information not found;information not found;information not found
https://auto.ru/cars/new/group/mercedes/gle_klasse_coupe_amg/22103874/22438810/1105696173-ebe0f81f/;Предложение от дилера;information not found;information not found;information not found;information not found;information not found;information not found;information not found;information not found;information not found;information not found;information not found
https://auto.ru/cars/new/group/mercedes/gle_klasse_coupe_amg/22103876/22438810/1115818161-a9c6098a/;Предложение от дилера;information not found;information not found;information not found;information not found;information not found;information not found;information not found;information not found;information not found;information not found;information not found
https://auto.ru/cars/new/group/mercedes/gle_klasse_coupe_amg/22103876/22438810/1116226098-4b313bfe/;Предложение от дилера;information not found;information not found;information not found;information not found;information not found;information not found;information not found;information not found;information not found;information not found;information not found
https://auto.ru/cars/new/group/mercedes/gle_klasse_coupe_amg/22103874/22438810/1115829278-4531d198/;Предложение от дилера;information not found;information not found;information not found;information not found;information not found;information not found;information not found;information not found;information not found;information not found;information not found
https://auto.ru/cars/new/group/mercedes/gle_klasse_coupe_amg/22103874/22103969/1116226096-07013188/;Предложение от дилера;information not found;information not found;information not found;information not found;information not found;information not found;information not found;information not found;information not found;information not found;information not found
https://auto.ru/cars/new/group/mercedes/gle_klasse_coupe_amg/22103874/22103969/1116670591-66d87f2d/;Предложение от дилера;information not found;information not found;information not found;information not found;information not found;information not found;information not found;information not found;information not found;information not found;information not found
https://auto.ru/cars/new/group/mercedes/gle_klasse_coupe_amg/22103875/22103969/1105494470-cd143b3d/;Предложение от дилера;information not found;information not found;information not found;information not found;information not found;information not found;information not found;information not found;information not found;information not found;information not found
https://auto.ru/cars/new/group/mercedes/gle_klasse_coupe_amg/22103874/22438810/1115987170-cefba822/;Предложение от дилера;information not found;information not found;information not found;information not found;information not found;information not found;information not found;information not found;information not found;information not found;information not found
https://auto.ru/cars/new/group/mercedes/gle_klasse_coupe_amg/22103875/22103969/1116670589-9886f9b2/;information not found;information not found;information not found;information not found;information not found;information not found;information not found;information not found;information not found;information not found;information not found;information not found
https://auto.ru/cars/new/group/mercedes/gle_klasse_coupe_amg/22103875/22103969/1116670588-cd3fe2fc/;Предложение от дилера;information not found;information not found;information not found;information not found;information not found;information not found;information not found;information not found;information not found;information not found;information not found
https://auto.ru/cars/new/group/mercedes/gle_klasse_coupe_amg/22103874/22438810/1115986962-f856ca88/;Предложение от дилера;information not found;information not found;information not found;information not found;information not found;information not found;information not found;information not found;information not found;information not found;information not found
https://auto.ru/cars/new/group/mercedes/gle_klasse_coupe_amg/22103875/22438810/1105695977-2e5c4588/;Предложение от дилера;information not found;information not found;information not found;information not found;information not found;information not found;information not found;information not found;information not found;information not found;information not found
https://auto.ru/cars/used/sale/mercedes/gle_klasse_coupe_amg/1102546441-a4a1ac76/;information not found;information not found;information not found;information not found;information not found;information not found;information not found;information not found;information not found;information not found;information not found;information not found
https://auto.ru/cars/used/sale/mercedes/gle_klasse_coupe_amg/1116325565-513999c5/;information not found;information not found;information not found;information not found;information not found;information not found;information not found;information not found;information not found;information not found;information not found;information not found
https://auto.ru/cars/new/group/mercedes/gle_klasse_coupe_amg/22103876/22103969/1117017390-5b070de7/;Предложение от дилера;information not found;information not found;information not found;information not found;information not found;information not found;information not found;information not found;information not found;information not found;information not found
https://auto.ru/cars/new/group/mercedes/gle_klasse_coupe_amg/22103874/22103969/1117020495-cf488844/;Предложение от дилера;information not found;information not found;information not found;information not found;information not found;information not found;information not found;information not found;information not found;information not found;information not found
